,correlation,mutual_info,rfe,tree_importance,permutation,shap,votes,keep
2ndFlrSF,True,True,True,True,True,True,6,True
TotalSF,True,True,True,True,True,True,6,True
OverallQual,True,True,True,True,True,True,6,True
HouseAge,True,True,True,True,True,True,6,True
BsmtFinSF1,True,True,True,True,True,True,6,True
KitchenQual_Ex,True,True,True,True,True,True,6,True
GarageCars,True,True,True,True,True,True,6,True
GrLivArea,True,True,True,True,True,True,6,True
LotFrontage,True,True,False,True,True,True,5,True
ExterQual_TA,True,True,False,True,True,True,5,True
GarageType_Attchd,True,True,False,True,True,True,5,True
KitchenQual_Gd,True,True,False,True,True,True,5,True
CentralAir_Y,True,False,True,True,True,True,5,True
CentralAir_N,True,False,True,True,True,True,5,True
HeatingQC_TA,True,True,False,True,True,True,5,True
HeatingQC_Ex,True,True,True,False,True,True,5,True
BsmtFinType1_GLQ,True,True,False,True,True,True,5,True
MSZoning_RM,True,True,False,True,True,True,5,True
BsmtQual_Gd,True,True,False,True,True,True,5,True
1stFlrSF,True,True,True,True,False,True,5,True
KitchenQual_TA,True,True,False,True,True,True,5,True
TotalBsmtSF,True,True,False,True,True,True,5,True
Fireplaces,True,True,False,True,True,True,5,True
GarageYrBlt,True,True,False,True,True,True,5,True
BsmtQual_Ex,True,True,True,True,False,True,5,True
GarageArea,True,True,False,True,True,True,5,True
MasVnrArea,True,True,False,True,True,True,5,True
YearRemodAdd,True,True,False,True,True,True,5,True
YearBuilt,True,True,False,True,True,True,5,True
OverallCond,False,True,True,True,True,True,5,True
RemodAge,True,True,False,True,True,True,5,True
TotalBaths,True,True,False,True,True,True,5,True
QualByArea,True,True,False,True,True,True,5,True
PorchSF,True,True,False,True,True,True,5,True
GarageFinish_Unf,True,True,False,True,True,True,5,True
GarageType_Detchd,True,True,False,True,True,True,5,True
LotArea,False,True,False,True,True,True,4,True
MSZoning_RL,False,False,True,True,True,True,4,True
BsmtQual_TA,True,True,False,True,False,True,4,True
SaleType_New,True,True,True,False,True,False,4,True
BsmtUnfSF,False,True,False,True,True,True,4,True
TotRmsAbvGrd,True,True,False,True,True,False,4,True
MSZoning_'C (all)',False,False,True,True,True,True,4,True
HalfBath,True,True,False,False,True,True,4,True
BedroomAbvGr,False,True,False,True,True,True,4,True
FireplaceQu_None,True,True,False,True,False,True,4,True
FireplaceQu_Gd,True,True,False,False,True,True,4,True
WoodDeckSF,True,True,False,True,False,True,4,True
OpenPorchSF,False,True,False,True,True,True,4,True
HasFireplace,True,True,False,False,False,True,3,True
MSSubClass_30,True,True,True,False,False,False,3,True
Foundation_PConc,True,True,True,False,False,False,3,True
BsmtExposure_Gd,False,False,True,True,False,True,3,True
BsmtExposure_No,False,False,False,True,True,True,3,True
GarageQual_TA,True,False,False,True,False,True,3,True
SaleCondition_Abnorml,False,False,False,True,True,True,3,True
SaleCondition_Normal,False,False,True,True,False,True,3,True
BsmtFullBath,False,False,False,True,True,True,3,True
LotShape_Reg,False,True,False,True,False,True,3,True
KitchenAbvGr,False,False,False,True,True,True,3,True
Neighborhood_OldTown,False,False,False,True,True,True,3,True
Neighborhood_Crawfor,False,False,True,False,True,False,2,False
Foundation_CBlock,True,True,False,False,False,False,2,False
Neighborhood_NAmes,False,True,False,False,True,False,2,False
MSSubClass_60,True,True,False,False,False,False,2,False
ExterQual_Gd,True,True,False,False,False,False,2,False
Exterior1st_VinylSd,True,True,False,False,False,False,2,False
Functional_Typ,False,False,True,False,True,False,2,False
BldgType_1Fam,False,False,True,False,False,True,2,False
GarageFinish_Fin,True,True,False,False,False,False,2,False
PavedDrive_N,False,False,False,True,True,False,2,False
MasVnrType_Stone,True,False,True,False,False,False,2,False
Exterior2nd_VinylSd,True,True,False,False,False,False,2,False
MasVnrType_None,True,True,False,False,False,False,2,False
YrSold,False,False,False,True,True,False,2,False
MoSold,False,False,False,True,False,True,2,False
Neighborhood_NridgHt,True,False,True,False,False,False,2,False
FullBath,True,True,False,False,False,False,2,False
MSZoning_FV,False,False,True,False,False,False,1,False
Neighborhood_BrkSide,False,False,True,False,False,False,1,False
BldgType_Twnhs,False,False,True,False,False,False,1,False
Condition1_Norm,False,False,True,False,False,False,1,False
Exterior1st_BrkComm,False,False,True,False,False,False,1,False
BsmtFinType1_Rec,False,False,False,False,True,False,1,False
BsmtFinType1_Unf,False,False,True,False,False,False,1,False
Heating_GasW,False,False,True,False,False,False,1,False
Heating_Grav,False,False,True,False,False,False,1,False
Neighborhood_Veenker,False,False,True,False,False,False,1,False
LandSlope_Sev,False,False,True,False,False,False,1,False
RoofStyle_Flat,False,False,True,False,False,False,1,False
Electrical_SBrkr,True,False,False,False,False,False,1,False
Neighborhood_StoneBr,False,False,True,False,False,False,1,False
Neighborhood_Somerst,False,False,True,False,False,False,1,False
MSSubClass_20,False,False,False,False,False,True,1,False
SaleCondition_Partial,False,True,False,False,False,False,1,False
PavedDrive_Y,False,False,False,False,True,False,1,False
MSSubClass_160,False,False,True,False,False,False,1,False
GarageType_2Types,False,False,True,False,False,False,1,False
LotConfig_CulDSac,False,False,True,False,False,False,1,False
HasGarage,True,False,False,False,False,False,1,False
Neighborhood_Edwards,False,False,True,False,False,False,1,False
GarageFinish_RFn,False,True,False,False,False,False,1,False
HasPool,False,False,True,False,False,False,1,False
GarageQual_Ex,False,False,True,False,False,False,1,False
GarageQual_Gd,False,False,True,False,False,False,1,False
Exterior2nd_'Wd Sdng',False,False,True,False,False,False,1,False
GarageCond_Fa,False,False,True,False,False,False,1,False
GarageCond_TA,True,False,False,False,False,False,1,False
Exterior1st_BrkFace,False,False,True,False,False,False,1,False
SaleType_COD,False,False,True,False,False,False,1,False
SaleType_ConLI,False,False,True,False,False,False,1,False
Neighborhood_IDOTRR,False,False,False,False,True,False,1,False
SaleType_WD,False,False,True,False,False,False,1,False
Neighborhood_MeadowV,False,False,True,False,False,False,1,False
SaleCondition_Alloca,False,False,True,False,False,False,1,False
SaleCondition_Family,False,False,False,True,False,False,1,False
Neighborhood_Mitchel,False,False,True,False,False,False,1,False
Fence_GdWo,False,False,False,True,False,False,1,False
ExterQual_Ex,True,False,False,False,False,False,1,False
Exterior1st_'Wd Sdng',False,False,True,False,False,False,1,False
PoolArea,False,False,True,False,False,False,1,False
Neighborhood_ClearCr,False,False,True,False,False,False,1,False
EnclosedPorch,False,False,False,True,False,False,1,False
Foundation_BrkTil,False,False,False,False,True,False,1,False
Condition1_RRAe,False,False,True,False,False,False,1,False
HouseStyle_1.5Fin,False,False,False,False,True,False,1,False
Fence_None,False,False,False,False,True,False,1,False
RoofStyle_Mansard,False,False,True,False,False,False,1,False
Condition1_RRNn,False,False,False,False,False,False,0,False
Condition2_Feedr,False,False,False,False,False,False,0,False
Condition2_Norm,False,False,False,False,False,False,0,False
Condition2_PosA,False,False,False,False,False,False,0,False
Condition2_PosN,False,False,False,False,False,False,0,False
Condition2_RRAe,False,False,False,False,False,False,0,False
Condition2_RRAn,False,False,False,False,False,False,0,False
Condition2_RRNn,False,False,False,False,False,False,0,False
BldgType_2fmCon,False,False,False,False,False,False,0,False
BldgType_Duplex,False,False,False,False,False,False,0,False
BldgType_TwnhsE,False,False,False,False,False,False,0,False
HouseStyle_1.5Unf,False,False,False,False,False,False,0,False
HouseStyle_1Story,False,False,False,False,False,False,0,False
HouseStyle_2.5Fin,False,False,False,False,False,False,0,False
HouseStyle_2.5Unf,False,False,False,False,False,False,0,False
HouseStyle_2Story,False,False,False,False,False,False,0,False
HouseStyle_SFoyer,False,False,False,False,False,False,0,False
HouseStyle_SLvl,False,False,False,False,False,False,0,False
RoofStyle_Gable,False,False,False,False,False,False,0,False
RoofStyle_Gambrel,False,False,False,False,False,False,0,False
RoofStyle_Hip,False,False,False,False,False,False,0,False
RoofStyle_Shed,False,False,False,False,False,False,0,False
RoofMatl_CompShg,False,False,False,False,False,False,0,False
RoofMatl_Membran,False,False,False,False,False,False,0,False
RoofMatl_Metal,False,False,False,False,False,False,0,False
RoofMatl_Roll,False,False,False,False,False,False,0,False
RoofMatl_Tar&Grv,False,False,False,False,False,False,0,False
RoofMatl_WdShake,False,False,False,False,False,False,0,False
RoofMatl_WdShngl,False,False,False,False,False,False,0,False
Exterior1st_AsbShng,False,False,False,False,False,False,0,False
Exterior1st_AsphShn,False,False,False,False,False,False,0,False
Exterior1st_CBlock,False,False,False,False,False,False,0,False
Condition2_Artery,False,False,False,False,False,False,0,False
Exterior1st_HdBoard,False,False,False,False,False,False,0,False
Exterior1st_ImStucc,False,False,False,False,False,False,0,False
Exterior1st_MetalSd,False,False,False,False,False,False,0,False
Exterior1st_Plywood,False,False,False,False,False,False,0,False
Exterior1st_Stone,False,False,False,False,False,False,0,False
Exterior1st_Stucco,False,False,False,False,False,False,0,False
PavedDrive_P,False,False,False,False,False,False,0,False
Exterior1st_WdShing,False,False,False,False,False,False,0,False
Exterior2nd_'Brk Cmn',False,False,False,False,False,False,0,False
PoolQC_Ex,False,False,False,False,False,False,0,False
Exterior2nd_'Wd Shng',False,False,False,False,False,False,0,False
Exterior2nd_AsbShng,False,False,False,False,False,False,0,False
Exterior2nd_AsphShn,False,False,False,False,False,False,0,False
Exterior2nd_BrkFace,False,False,False,False,False,False,0,False
Exterior2nd_CBlock,False,False,False,False,False,False,0,False
Exterior2nd_CmentBd,False,False,False,False,False,False,0,False
Exterior2nd_HdBoard,False,False,False,False,False,False,0,False
Exterior2nd_ImStucc,False,False,False,False,False,False,0,False
Exterior2nd_MetalSd,False,False,False,False,False,False,0,False
Exterior2nd_Other,False,False,False,False,False,False,0,False
Exterior2nd_Plywood,False,False,False,False,False,False,0,False
Exterior2nd_Stone,False,False,False,False,False,False,0,False
Exterior2nd_Stucco,False,False,False,False,False,False,0,False
PoolQC_Fa,False,False,False,False,False,False,0,False
MasVnrType_BrkCmn,False,False,False,False,False,False,0,False
MasVnrType_BrkFace,False,False,False,False,False,False,0,False
PoolQC_Gd,False,False,False,False,False,False,0,False
PoolQC_None,False,False,False,False,False,False,0,False
Fence_GdPrv,False,False,False,False,False,False,0,False
ExterQual_Fa,False,False,False,False,False,False,0,False
Fence_MnPrv,False,False,False,False,False,False,0,False
Fence_MnWw,False,False,False,False,False,False,0,False
ExterCond_Ex,False,False,False,False,False,False,0,False
ExterCond_Fa,False,False,False,False,False,False,0,False
ExterCond_Gd,False,False,False,False,False,False,0,False
ExterCond_Po,False,False,False,False,False,False,0,False
ExterCond_TA,False,False,False,False,False,False,0,False
MiscFeature_Gar2,False,False,False,False,False,False,0,False
MiscFeature_None,False,False,False,False,False,False,0,False
Exterior1st_CemntBd,False,False,False,False,False,False,0,False
Foundation_Slab,False,False,False,False,False,False,0,False
Foundation_Stone,False,False,False,False,False,False,0,False
Foundation_Wood,False,False,False,False,False,False,0,False
MiscFeature_Othr,False,False,False,False,False,False,0,False
BsmtQual_Fa,False,False,False,False,False,False,0,False
3SsnPorch,False,False,False,False,False,False,0,False
BsmtQual_None,False,False,False,False,False,False,0,False
ScreenPorch,False,False,False,False,False,False,0,False
BsmtCond_Fa,False,False,False,False,False,False,0,False
BsmtCond_Gd,False,False,False,False,False,False,0,False
BsmtCond_None,False,False,False,False,False,False,0,False
BsmtCond_Po,False,False,False,False,False,False,0,False
BsmtCond_TA,False,False,False,False,False,False,0,False
BsmtExposure_Av,False,False,False,False,False,False,0,False
MiscVal,False,False,False,False,False,False,0,False
BsmtExposure_Mn,False,False,False,False,False,False,0,False
MSSubClass_120,False,False,False,False,False,False,0,False
BsmtExposure_None,False,False,False,False,False,False,0,False
BsmtFinType1_ALQ,False,False,False,False,False,False,0,False
BsmtFinType1_BLQ,False,False,False,False,False,False,0,False
MSSubClass_180,False,False,False,False,False,False,0,False
BsmtFinType1_LwQ,False,False,False,False,False,False,0,False
BsmtFinType1_None,False,False,False,False,False,False,0,False
MSSubClass_190,False,False,False,False,False,False,0,False
MSSubClass_40,False,False,False,False,False,False,0,False
BsmtFinType2_ALQ,False,False,False,False,False,False,0,False
BsmtFinType2_BLQ,False,False,False,False,False,False,0,False
BsmtFinType2_GLQ,False,False,False,False,False,False,0,False
BsmtFinType2_LwQ,False,False,False,False,False,False,0,False
BsmtFinType2_None,False,False,False,False,False,False,0,False
BsmtFinType2_Rec,False,False,False,False,False,False,0,False
BsmtFinType2_Unf,False,False,False,False,False,False,0,False
Heating_Floor,False,False,False,False,False,False,0,False
Heating_GasA,False,False,False,False,False,False,0,False
MSSubClass_45,False,False,False,False,False,False,0,False
MSSubClass_50,False,False,False,False,False,False,0,False
Heating_OthW,False,False,False,False,False,False,0,False
Heating_Wall,False,False,False,False,False,False,0,False
MSSubClass_70,False,False,False,False,False,False,0,False
HeatingQC_Fa,False,False,False,False,False,False,0,False
MSSubClass_75,False,False,False,False,False,False,0,False
MSSubClass_80,False,False,False,False,False,False,0,False
MSSubClass_85,False,False,False,False,False,False,0,False
MSSubClass_90,False,False,False,False,False,False,0,False
Electrical_FuseA,False,False,False,False,False,False,0,False
Electrical_FuseF,False,False,False,False,False,False,0,False
Electrical_FuseP,False,False,False,False,False,False,0,False
Electrical_Mix,False,False,False,False,False,False,0,False
MSZoning_RH,False,False,False,False,False,False,0,False
Electrical_None,False,False,False,False,False,False,0,False
Street_Grvl,False,False,False,False,False,False,0,False
KitchenQual_Fa,False,False,False,False,False,False,0,False
Street_Pave,False,False,False,False,False,False,0,False
Alley_Grvl,False,False,False,False,False,False,0,False
Functional_Maj1,False,False,False,False,False,False,0,False
Functional_Maj2,False,False,False,False,False,False,0,False
Functional_Min1,False,False,False,False,False,False,0,False
Functional_Min2,False,False,False,False,False,False,0,False
Functional_Mod,False,False,False,False,False,False,0,False
Alley_None,False,False,False,False,False,False,0,False
FireplaceQu_Ex,False,False,False,False,False,False,0,False
FireplaceQu_Fa,False,False,False,False,False,False,0,False
Alley_Pave,False,False,False,False,False,False,0,False
LotShape_IR1,False,False,False,False,False,False,0,False
FireplaceQu_Po,False,False,False,False,False,False,0,False
FireplaceQu_TA,False,False,False,False,False,False,0,False
LotShape_IR2,False,False,False,False,False,False,0,False
LotShape_IR3,False,False,False,False,False,False,0,False
GarageType_Basment,False,False,False,False,False,False,0,False
GarageType_BuiltIn,False,False,False,False,False,False,0,False
GarageType_CarPort,False,False,False,False,False,False,0,False
LandContour_Bnk,False,False,False,False,False,False,0,False
GarageType_None,False,False,False,False,False,False,0,False
LandContour_HLS,False,False,False,False,False,False,0,False
GarageFinish_None,False,False,False,False,False,False,0,False
LandContour_Low,False,False,False,False,False,False,0,False
LandContour_Lvl,False,False,False,False,False,False,0,False
Utilities_AllPub,False,False,False,False,False,False,0,False
GarageQual_Fa,False,False,False,False,False,False,0,False
LotConfig_Corner,False,False,False,False,False,False,0,False
HeatingQC_Gd,False,False,False,False,False,False,0,False
GarageQual_Po,False,False,False,False,False,False,0,False
LotConfig_FR2,False,False,False,False,False,False,0,False
GarageCond_Ex,False,False,False,False,False,False,0,False
LotConfig_FR3,False,False,False,False,False,False,0,False
GarageCond_Gd,False,False,False,False,False,False,0,False
GarageCond_None,False,False,False,False,False,False,0,False
GarageCond_Po,False,False,False,False,False,False,0,False
LotConfig_Inside,False,False,False,False,False,False,0,False
LandSlope_Gtl,False,False,False,False,False,False,0,False
LandSlope_Mod,False,False,False,False,False,False,0,False
SaleType_CWD,False,False,False,False,False,False,0,False
SaleType_Con,False,False,False,False,False,False,0,False
SaleType_ConLD,False,False,False,False,False,False,0,False
Neighborhood_Blmngtn,False,False,False,False,False,False,0,False
SaleType_ConLw,False,False,False,False,False,False,0,False
Neighborhood_Blueste,False,False,False,False,False,False,0,False
SaleType_Oth,False,False,False,False,False,False,0,False
Neighborhood_BrDale,False,False,False,False,False,False,0,False
Neighborhood_CollgCr,False,False,False,False,False,False,0,False
SaleCondition_AdjLand,False,False,False,False,False,False,0,False
Neighborhood_Gilbert,False,False,False,False,False,False,0,False
Neighborhood_NPkVill,False,False,False,False,False,False,0,False
Neighborhood_NWAmes,False,False,False,False,False,False,0,False
MiscFeature_Shed,False,False,False,False,False,False,0,False
MiscFeature_TenC,False,False,False,False,False,False,0,False
Neighborhood_NoRidge,False,False,False,False,False,False,0,False
Neighborhood_SWISU,False,False,False,False,False,False,0,False
Neighborhood_Sawyer,False,False,False,False,False,False,0,False
Neighborhood_SawyerW,False,False,False,False,False,False,0,False
Neighborhood_Timber,False,False,False,False,False,False,0,False
BsmtFinSF2,False,False,False,False,False,False,0,False
Condition1_Artery,False,False,False,False,False,False,0,False
Condition1_Feedr,False,False,False,False,False,False,0,False
Condition1_PosA,False,False,False,False,False,False,0,False
Condition1_PosN,False,False,False,False,False,False,0,False
LowQualFinSF,False,False,False,False,False,False,0,False
Condition1_RRAn,False,False,False,False,False,False,0,False
Condition1_RRNe,False,False,False,False,False,False,0,False
BsmtHalfBath,False,False,False,False,False,False,0,False
GarageQual_None,False,False,False,False,False,False,0,False
